{"data":[
    {"website":"Redbus.in", "details":"15% discount up to Rs 150 for bookings done on Andhra Pradesh and Telangana routes.", "image":"assets/images/redbus.jpg", "Code":"MYHOLI"},
  {"website":"Redbus.in", "details":"10% upto Rs 200 discount", "image":"assets/images/redbus.jpg", "Code":"ICICI Credit or Debit Cards"},
  {"website":"Redbus.in", "details":"15% upto Rs 100 discount", "image":"assets/images/redbus.jpg", "Code":"apsrtc"},
  {"website":"Paytm.com", "details":"25% upto Rs 125 discount", "image":"assets/images/paytm.jpg", "Code":"holi125"},
  {"website":"Paytm.com", "details":"Flat Rs 200 cashback", "image":"assets/images/paytm.jpg", "Code":"bus200"},
  {"website":"Abhibus.com", "details":"Flat Rs 333 cashback", "image":"assets/images/abhibus.jpg", "Code":"Chbkmar333"}
]}
